"design_id","kind","outcome","Erho2","Erho2_se","Erho2_lower","Erho2_upper","Phi","Phi_se","Phi_lower","Phi_upper","allocation_evaluator","allocation_prompt","scale","interval_level","uncertainty_available","uncertainty_reason","uncertainty_conditional","uncertainty_conditioning","Erho2_interval_available","Phi_interval_available","fixed_facets","composite_weights","measurements_per_object","measurement_count_exact","extrapolated","coefficient","target","estimate","meets_target","fewest_measurements"
1,"outcome","quality",0.68784526667505,0.0525358352398773,0.577008470058181,0.780678550464188,0.552767413987114,0.0850565820889106,0.386396866752263,0.708105454477639,2,1,"observed",0.95,TRUE,NA,FALSE,NA,TRUE,TRUE,"",NA,2,TRUE,FALSE,"Phi",0.8,0.552767413987114,FALSE,FALSE
2,"outcome","quality",0.815057257031697,0.0368825021714837,0.731775993615168,0.876832654900774,0.678556007271492,0.0897576554457782,0.485154051911818,0.825445849309456,4,1,"observed",0.95,TRUE,NA,FALSE,NA,TRUE,TRUE,"",NA,4,TRUE,FALSE,"Phi",0.8,0.678556007271492,FALSE,FALSE
3,"outcome","quality",0.868604631393314,0.0279252559124915,0.803626646539294,0.914372951176422,0.734251828116568,0.0932393578543834,0.519927090622291,0.875757642952273,6,1,"observed",0.95,TRUE,NA,FALSE,NA,TRUE,TRUE,"",NA,6,TRUE,FALSE,"Phi",0.8,0.734251828116568,FALSE,FALSE
4,"outcome","quality",0.898106386312708,0.022390805271911,0.845116223244959,0.934374892307201,0.765675102601688,0.096002195032309,0.533776740830465,0.903155278542192,8,1,"observed",0.95,TRUE,NA,FALSE,NA,TRUE,TRUE,"",NA,8,TRUE,TRUE,"Phi",0.8,0.765675102601688,FALSE,FALSE
5,"outcome","quality",0.815057257031697,0.0368825021714837,0.731775993615168,0.876832654900774,0.660941440593098,0.0869606393770978,0.476750039516887,0.806597578679032,2,2,"observed",0.95,TRUE,NA,FALSE,NA,TRUE,TRUE,"",NA,4,TRUE,FALSE,"Phi",0.8,0.660941440593098,FALSE,FALSE
6,"outcome","quality",0.898106386312708,0.022390805271911,0.845116223244959,0.934374892307201,0.774541900172618,0.0729244288571021,0.602442607914217,0.886212264527818,4,2,"observed",0.95,TRUE,NA,FALSE,NA,TRUE,TRUE,"",NA,8,TRUE,FALSE,"Phi",0.8,0.774541900172618,FALSE,FALSE
7,"outcome","quality",0.929682627133,0.0159952972623267,0.891123058179753,0.95527149045281,0.821614012615938,0.0672234019847272,0.652117911655184,0.918809479446858,6,2,"observed",0.95,TRUE,NA,FALSE,NA,TRUE,TRUE,"",NA,12,TRUE,FALSE,"Phi",0.8,0.821614012615938,TRUE,TRUE
8,"outcome","quality",0.946318280986751,0.0124296416466043,0.916057441366674,0.966074255846794,0.847362884943882,0.0647376591856293,0.675474452310032,0.936735724044605,8,2,"observed",0.95,TRUE,NA,FALSE,NA,TRUE,TRUE,"",NA,16,TRUE,TRUE,"Phi",0.8,0.847362884943882,TRUE,FALSE
9,"outcome","quality",0.868604631393314,0.0279252559124915,0.803626646539294,0.914372951176422,0.707064526587842,0.0887830483282859,0.510258146550249,0.848296311731569,2,3,"observed",0.95,TRUE,NA,FALSE,NA,TRUE,TRUE,"",NA,6,TRUE,FALSE,"Phi",0.8,0.707064526587842,FALSE,FALSE
10,"outcome","quality",0.929682627133,0.0159952972623267,0.891123058179753,0.95527149045281,0.81287039470747,0.0665462513834142,0.648242321627325,0.911025283089476,4,3,"observed",0.95,TRUE,NA,FALSE,NA,TRUE,TRUE,"",NA,12,TRUE,FALSE,"Phi",0.8,0.81287039470747,TRUE,TRUE
11,"outcome","quality",0.95199659361341,0.0111815604106813,0.924681904139497,0.969729678175634,0.85554528911308,0.0568790705949418,0.7061447283457,0.93588493293982,6,3,"observed",0.95,TRUE,NA,FALSE,NA,TRUE,TRUE,"",NA,18,TRUE,FALSE,"Phi",0.8,0.85554528911308,TRUE,FALSE
12,"outcome","quality",0.963560135807683,0.00859113487843979,0.942427362751822,0.977124143749044,0.87860832457308,0.0520937421432112,0.735364694024989,0.949627285102463,8,3,"observed",0.95,TRUE,NA,FALSE,NA,TRUE,TRUE,"",NA,24,TRUE,TRUE,"Phi",0.8,0.87860832457308,TRUE,FALSE
13,"outcome","quality",0.898106386312708,0.022390805271911,0.845116223244959,0.934374892307201,0.732627330876365,0.0903608405748415,0.525943986838113,0.871256927497634,2,4,"observed",0.95,TRUE,NA,FALSE,NA,TRUE,TRUE,"",NA,8,TRUE,TRUE,"Phi",0.8,0.732627330876365,FALSE,FALSE
14,"outcome","quality",0.946318280986751,0.0124296416466043,0.916057441366674,0.966074255846794,0.833493256901804,0.0637053576608097,0.670601216506655,0.924858940260623,4,4,"observed",0.95,TRUE,NA,FALSE,NA,TRUE,TRUE,"",NA,16,TRUE,TRUE,"Phi",0.8,0.833493256901804,TRUE,FALSE
15,"outcome","quality",0.963560135807683,0.00859113487843979,0.942427362751822,0.977124143749044,0.873584065232864,0.0518822244103986,0.733457853208098,0.945515596308594,6,4,"observed",0.95,TRUE,NA,FALSE,NA,TRUE,TRUE,"",NA,24,TRUE,TRUE,"Phi",0.8,0.873584065232864,TRUE,FALSE
16,"outcome","quality",0.972418838410112,0.0065623725195081,0.956189957137479,0.982744423791565,0.895111377157353,0.0457753988501652,0.766464113544177,0.95687814383972,8,4,"observed",0.95,TRUE,NA,FALSE,NA,TRUE,TRUE,"",NA,32,TRUE,TRUE,"Phi",0.8,0.895111377157353,TRUE,FALSE
